transaction_id,customer_id,transaction_date,transaction_time,payment_method,shipping_address,total_amount
TXN000001,CUST00059,2025-08-14,20:51:28,Debit Card,"490 Cooper Walks
New Mark, NH 63529",1295.7
TXN000002,CUST00040,2025-11-15,04:57:31,Debit Card,"2348 Kristin Ridges Apt. 547
Cruzside, LA 37341",134.84
TXN000003,CUST00096,2025-01-11,02:12:17,UPI,"932 Mark Corners Apt. 129
Lake Stephen, MP 32918",1857.58
TXN000004,CUST00091,2025-04-14,01:33:27,Debit Card,"901 Valentine Via
Cynthiabury, ND 58510",728.76
TXN000005,CUST00032,2025-10-01,17:51:26,Debit Card,"0685 Knight Ranch Suite 866
West Michaelborough, UT 66135",2391.74
TXN000006,CUST00046,2025-05-03,00:11:17,Debit Card,"991 Nielsen Village Apt. 079
Lake Alvinborough, IN 40622",1313.5
TXN000007,CUST00099,2025-04-18,08:21:44,UPI,"9383 Stacy Center
Melissafort, WV 01535",977.57
TXN000008,CUST00074,2025-03-18,09:32:28,Debit Card,"1131 Stephanie Points Apt. 398
Lake Amandashire, FL 79310",742.51
TXN000009,CUST00008,2025-08-23,09:52:45,Credit Card,"75543 Kevin Knoll
Lake Ashley, WY 90975",2056.75
TXN000010,CUST00076,2025-02-19,09:59:21,Net Banking,"6345 Christian Trace Apt. 719
Rodriguezmouth, VT 89641",1303.24
TXN000011,CUST00053,2025-10-19,14:34:49,UPI,"377 Davis Lights
East Samuelside, PR 40141",113.08
TXN000012,CUST00071,2025-11-22,10:22:40,Net Banking,"94146 Melendez Point Apt. 112
North Nancyland, NC 87310",2809.86
TXN000013,CUST00046,2025-07-23,05:14:01,Credit Card,"36680 Mercer Glen Apt. 805
South Michael, NH 64287",1565.1
TXN000014,CUST00031,2025-07-20,03:38:39,Debit Card,"05583 David Walks Apt. 358
Lake Roberthaven, VI 96366",1808.56
TXN000015,CUST00053,2025-10-27,15:14:16,Credit Card,"PSC 8825, Box 0176
APO AP 84602",861.48
TXN000016,CUST00072,2025-08-05,17:28:47,Net Banking,"921 Michelle Inlet
North Angelhaven, ND 68044",36.96
TXN000017,CUST00029,2025-12-10,14:48:00,Debit Card,"78967 Todd Cliffs
Ralphfort, ND 86382",1365.6
TXN000018,CUST00098,2025-11-26,17:09:35,Credit Card,"30506 Howell Fords Suite 177
New Stephanie, AZ 30866",2912.51
TXN000019,CUST00058,2025-06-12,23:52:42,Credit Card,"6446 Smith Loop
Malloryland, WY 56644",956.08
TXN000020,CUST00028,2025-05-28,00:55:10,Cash,"67337 Kramer Fort
Lake Erin, CA 32768",1581.56
TXN000021,CUST00008,2025-08-27,20:32:58,UPI,"894 Garcia Vista Apt. 293
Caldwellmouth, AL 88799",1382.43
TXN000022,CUST00064,2025-10-27,13:16:32,Cash,"57396 Jessica Island
Richardton, MT 34008",450.5
TXN000023,CUST00003,2025-10-02,02:27:23,Credit Card,"6490 Rodriguez Circle
West Charles, MP 07863",445.06
TXN000024,CUST00091,2025-01-27,11:26:48,UPI,"62839 Shelley Villages Suite 424
Barrburgh, WI 21144",634.92
TXN000025,CUST00036,2025-11-23,20:44:15,Debit Card,"1946 Alex Place
New Marystad, MI 46083",1259.14
TXN000026,CUST00025,2025-04-28,23:24:45,Net Banking,"3193 Santos Groves
South Christinestad, LA 97476",1634.15
TXN000027,CUST00033,2025-11-13,05:50:28,Net Banking,"66099 Deborah Spring
New Kristinhaven, MT 85829",462.84
TXN000028,CUST00082,2025-04-29,05:50:14,Net Banking,"087 Everett Junctions Suite 411
Lake Marymouth, GU 97531",4576.06
TXN000029,CUST00039,2025-11-19,22:21:39,Credit Card,"30838 Mark Brook
Jacksonmouth, MP 97841",883.92
TXN000030,CUST00020,2025-04-11,14:27:59,Credit Card,"682 Ryan Island
Wardside, VI 98630",1375.29
TXN000031,CUST00044,2025-01-02,22:24:09,UPI,"8215 Linda Stravenue Apt. 106
Rhodesfort, IL 46185",1668.96
TXN000032,CUST00039,2025-06-16,20:44:19,Cash,"195 David Forges
Thomaston, MT 99370",565.8
TXN000033,CUST00096,2025-02-12,07:46:57,Debit Card,"Unit 2493 Box 6920
DPO AA 13276",966.98
TXN000034,CUST00094,2025-04-18,10:45:53,Credit Card,"60333 Michelle Plaza
Benderton, HI 95096",1382.84
TXN000035,CUST00043,2025-09-06,07:17:54,Credit Card,"011 Chen Mountains
Reneefurt, IN 92455",1917.88
TXN000036,CUST00077,2025-12-17,05:04:37,Cash,"3935 Brown Meadow Suite 121
Lopezfurt, HI 85929",1290.14
TXN000037,CUST00097,2025-12-20,13:01:43,Cash,"26506 Brian Light
North Matthew, GA 29415",564.51
TXN000038,CUST00032,2025-04-09,21:12:43,Debit Card,"93213 Smith Estates
Stevetown, VA 63410",1494.87
TXN000039,CUST00061,2025-12-06,02:38:08,UPI,"84672 Myers Drives
Hannafurt, MN 82912",1597.4
TXN000040,CUST00095,2025-11-17,00:38:14,UPI,"411 Fowler Walks
Coxville, VI 26339",1159.55
TXN000041,CUST00077,2025-03-01,05:17:49,Credit Card,"9702 Villa Brooks
Odonnellville, IA 40044",2334.47
TXN000042,CUST00013,2025-06-21,10:26:53,Cash,"4638 Brown Mountains Suite 830
Goldenton, MS 40932",3869.17
TXN000043,CUST00045,2025-02-11,04:23:54,Credit Card,"4281 William Mountains Suite 580
West Dustinmouth, SC 70101",505.51
TXN000044,CUST00028,2025-10-14,01:00:57,Debit Card,"57193 Wilson Prairie
Brownton, CA 08808",112.43
TXN000045,CUST00087,2025-01-01,12:50:32,Credit Card,"4596 James Drives
Lake Courtney, NV 55169",2292.54
TXN000046,CUST00057,2025-03-22,16:54:38,Debit Card,"Unit 6037 Box 6098
DPO AP 69516",143.52
TXN000047,CUST00065,2025-08-25,15:53:46,Cash,"4397 James Keys Apt. 975
New Tanyafurt, MO 71075",1923.06
TXN000048,CUST00097,2025-06-26,20:34:35,Debit Card,"09753 Martin Flats
Douglasshire, WY 41525",2216.25
TXN000049,CUST00092,2025-03-25,10:30:37,Net Banking,"81710 Courtney Locks Suite 959
Carlport, WY 23670",2537.99
TXN000050,CUST00070,2025-12-14,19:10:28,Cash,"USCGC Silva
FPO AA 73522",1750.08
TXN000051,CUST00010,2025-05-19,02:20:18,Cash,"Unit 8105 Box 7112
DPO AA 43328",2649.16
TXN000052,CUST00013,2025-06-25,09:25:20,Cash,"5183 Scott Skyway
East Christopher, CT 55861",1896.92
TXN000053,CUST00023,2025-09-25,00:00:28,Net Banking,"48404 Koch Landing
Murrayshire, MO 87061",2599.72
TXN000054,CUST00099,2025-04-11,16:40:01,Debit Card,"1301 Dustin Street Suite 863
North Williamborough, SD 72689",1192.35
TXN000055,CUST00013,2025-04-15,11:03:14,Credit Card,"7085 Moyer Spurs Apt. 894
Amberfort, NE 28572",805.12
TXN000056,CUST00063,2025-05-20,00:36:51,Debit Card,"Unit 9775 Box 5802
DPO AE 60485",1799.92
TXN000057,CUST00063,2025-12-07,09:30:00,Cash,"899 John Crossroad Apt. 877
Lake Kathleen, RI 88203",2331.35
TXN000058,CUST00074,2025-06-29,08:11:44,UPI,"943 Jacqueline Vista Suite 130
Amyland, TX 31233",134.84
TXN000059,CUST00060,2025-02-17,07:32:57,UPI,"30612 Pamela Drive Suite 497
North Madison, LA 55944",327.57
TXN000060,CUST00078,2025-03-09,02:50:25,Credit Card,"05205 Lambert Creek Apt. 717
North Jessica, VA 45838",1194.33
TXN000061,CUST00073,2025-06-21,20:45:57,Net Banking,"862 Zachary Square Suite 671
Ericmouth, MA 64218",455.44
TXN000062,CUST00039,2025-11-03,06:51:28,Credit Card,"95918 Mccarthy Forge
Lake Curtisland, PR 43243",1993.23
TXN000063,CUST00087,2025-03-08,08:35:18,Credit Card,"54429 Watson Green
Rossside, TX 60019",3629.41
TXN000064,CUST00022,2025-11-04,04:23:28,Cash,"86710 Gonzalez Flats Suite 514
Lake Janetside, FM 05670",1934.33
TXN000065,CUST00031,2025-05-01,22:26:37,Credit Card,"4406 Krystal Greens Suite 234
Williamsshire, TX 40030",1165.95
TXN000066,CUST00049,2025-09-03,08:27:53,Credit Card,"1775 Medina Junction
North Angela, DC 80287",2538.79
TXN000067,CUST00066,2025-04-06,18:18:33,Net Banking,"3872 Jason Mission Apt. 970
Bradchester, MD 69780",1490.34
TXN000068,CUST00045,2025-06-02,09:37:11,UPI,"2778 Moore Isle
North Ashley, MN 14007",2587.92
TXN000069,CUST00009,2025-02-28,15:54:49,Net Banking,"047 Michael Common Suite 294
West Katherine, RI 07462",1190.09
TXN000070,CUST00051,2025-11-20,06:06:15,Cash,"USS Mahoney
FPO AA 16721",1885.83
TXN000071,CUST00001,2025-03-16,04:48:24,Debit Card,"0656 Thomas Rest
Lake Jacob, GA 01421",802.41
TXN000072,CUST00007,2025-05-03,18:12:04,Net Banking,"240 Derrick Oval
Ryanchester, RI 95155",13.58
TXN000073,CUST00030,2025-08-17,20:26:49,Debit Card,"45923 Annette Summit
Lake Adam, NE 26138",3039.1
TXN000074,CUST00026,2025-03-17,02:11:56,Credit Card,"269 Faith Inlet
Brianview, MT 45378",1989.98
TXN000075,CUST00052,2025-04-06,21:56:07,Net Banking,"Unit 9209 Box 1602
DPO AE 92748",69.26
TXN000076,CUST00053,2025-04-06,03:49:13,Cash,"6941 Stephen Track Suite 238
New Micheletown, IA 36028",536.27
TXN000077,CUST00005,2025-09-24,10:53:07,Debit Card,"272 Connie Path Suite 360
Laceyport, AL 67131",642.68
TXN000078,CUST00037,2025-04-02,18:20:47,Credit Card,"7898 Dale Track Suite 448
South Hollyburgh, ND 33199",1277.42
TXN000079,CUST00062,2025-10-21,07:34:24,Credit Card,"PSC 0166, Box 6788
APO AA 74305",2042.1
TXN000080,CUST00067,2025-03-28,01:05:59,Cash,"86915 Lane Harbor Apt. 515
Port Joshuahaven, MO 04092",3060.25
TXN000081,CUST00018,2025-11-25,18:41:42,UPI,"788 Brian Pike Apt. 233
New Gary, MN 50534",1985.78
TXN000082,CUST00067,2025-04-28,19:29:37,Net Banking,"2965 Green Plaza Suite 218
Byrdfurt, RI 04649",1520.62
TXN000083,CUST00057,2025-01-05,09:42:21,Cash,"7841 Regina Glen
New Kyle, MS 62377",519.36
TXN000084,CUST00001,2025-07-24,00:36:57,Credit Card,"39346 Baker Passage Apt. 629
Lake Davidborough, IL 13250",1617.48
TXN000085,CUST00020,2025-05-18,15:39:25,Debit Card,"9799 Osborn Hollow
East Lanceview, AZ 97014",79.83
TXN000086,CUST00024,2025-02-26,05:00:51,Cash,"USNV Cook
FPO AA 44644",106.44
TXN000087,CUST00033,2025-09-25,01:13:23,Cash,"48366 Davis Flat Suite 523
Contrerasland, NE 89648",234.96
TXN000088,CUST00052,2025-06-04,19:43:11,Debit Card,"6381 Smith Turnpike Apt. 655
North Brianfort, VI 15470",2396.19
TXN000089,CUST00032,2025-02-14,11:02:05,Cash,"07220 Nicholas Path
Williamsland, OH 60004",2995.69
TXN000090,CUST00047,2025-03-05,16:50:12,Credit Card,"Unit 4141 Box 8732
DPO AE 23233",1390.54
TXN000091,CUST00078,2025-04-24,19:56:53,UPI,"Unit 8634 Box 1288
DPO AE 69064",1457.82
TXN000092,CUST00010,2025-04-25,08:58:56,Cash,"750 Spence Tunnel
Gayborough, PR 03680",605.12
TXN000093,CUST00043,2025-06-26,18:56:05,Net Banking,"51199 Javier Knoll Apt. 748
Mathewchester, UT 16892",1269.01
TXN000094,CUST00015,2025-10-23,17:16:08,Credit Card,"PSC 0877, Box 0874
APO AA 28574",4663.4
TXN000095,CUST00064,2025-06-20,11:00:34,UPI,"39180 Carter Village Suite 984
New Joan, AZ 88522",911.5
TXN000096,CUST00012,2025-01-13,00:39:32,Credit Card,"3885 Brandt Brooks
Millerport, MP 53103",1164.06
TXN000097,CUST00044,2025-07-05,13:07:48,Debit Card,"275 Chandler Island
Joseville, NY 22595",2419.82
TXN000098,CUST00038,2025-11-03,07:47:00,Net Banking,"70876 Erin Burgs
Wilkersonfurt, AS 13994",2214.39
TXN000099,CUST00039,2025-08-28,11:12:32,Net Banking,"56949 Nicholas Port Suite 834
Williamsshire, WI 36472",1027.96
TXN000100,CUST00048,2025-06-19,02:24:56,UPI,"9229 Emily Valley Apt. 732
Tylerchester, LA 51210",460.81
TXN000101,CUST00072,2025-03-22,18:13:54,Cash,"492 Paige Lodge
Autumnland, NC 19979",337.29
TXN000102,CUST00092,2025-03-02,09:18:50,Debit Card,"7788 Tony Course Apt. 946
Taylorport, MD 89125",4892.14
TXN000103,CUST00033,2025-08-03,14:49:38,Net Banking,"07870 Veronica Forks
West Moniquemouth, IN 01028",454.08
TXN000104,CUST00025,2025-01-08,16:57:43,UPI,"144 Christie Fields
Lynchstad, MT 29209",1749.66
TXN000105,CUST00034,2025-03-27,01:22:36,Cash,"29294 King Field Suite 281
Francesfort, GA 47795",1929.72
TXN000106,CUST00014,2025-04-15,07:13:25,UPI,"87693 Olivia Expressway Apt. 345
Woodsport, AS 94402",2872.38
TXN000107,CUST00072,2025-11-14,11:46:39,Cash,"1594 Sabrina Junctions
West Jeanette, NE 92529",1433.19
TXN000108,CUST00039,2025-10-08,20:50:18,Credit Card,"USNS Roberts
FPO AP 40451",2580.78
TXN000109,CUST00048,2025-05-20,03:35:50,Debit Card,"64286 Stacey Dam Apt. 938
Bakerstad, ME 53402",910.88
TXN000110,CUST00033,2025-03-27,03:22:34,Net Banking,"84816 Bryant Lights Suite 943
Bradleystad, HI 96758",192.04
TXN000111,CUST00090,2025-03-23,10:40:02,Debit Card,"34424 Berger Locks
Robertsside, WY 75976",190.52
TXN000112,CUST00099,2025-04-29,21:34:11,Credit Card,"04835 Hall Glen Apt. 195
Dannyside, GA 43306",2012.36
TXN000113,CUST00074,2025-01-11,12:03:27,Credit Card,"600 Carolyn Locks
North Nicolefort, PA 03373",346.48
TXN000114,CUST00049,2025-03-08,22:43:25,Credit Card,"5417 Wells Lake
East Angela, FM 21533",1331.69
TXN000115,CUST00015,2025-10-30,06:03:55,UPI,"2678 David Harbors Apt. 005
Kristinburgh, NV 48942",2254.64
TXN000116,CUST00030,2025-11-10,10:05:11,Credit Card,"21665 Clayton Lake Apt. 389
East Oliviamouth, LA 87954",679.06
TXN000117,CUST00052,2025-03-10,15:14:11,Net Banking,"28596 Brewer Viaduct Apt. 815
Lake Denisefurt, ME 75130",128.78
TXN000118,CUST00097,2025-08-29,08:44:46,Cash,"26924 Morgan Curve
Jacksonton, FM 26216",160.83
TXN000119,CUST00045,2025-09-10,09:54:43,Credit Card,"067 Gonzalez Plains Apt. 242
Taylorview, PR 60455",1072.18
TXN000120,CUST00099,2025-04-01,12:11:10,Net Banking,"984 Mejia Bridge Suite 092
Beckport, ND 62018",2314.43
TXN000121,CUST00057,2025-01-18,05:47:52,Debit Card,"439 Sanchez Drive Apt. 972
West Meghan, OH 13461",1632.1
TXN000122,CUST00081,2025-04-09,01:51:21,Debit Card,"Unit 3679 Box 4223
DPO AP 12439",2351.87
TXN000123,CUST00025,2025-11-18,01:16:48,UPI,"3805 Julia Crossroad Apt. 389
Rossborough, IN 81189",353.3
TXN000124,CUST00014,2025-04-03,14:07:19,UPI,"303 Jennifer Fort
Port Saraberg, GA 20126",1720.09
TXN000125,CUST00088,2025-03-17,04:28:23,Debit Card,"254 Matthew Village
New Kathy, UT 72724",490.72
TXN000126,CUST00006,2025-07-15,23:13:42,UPI,"USNS Small
FPO AP 24570",1559.99
TXN000127,CUST00094,2025-06-05,13:03:04,Credit Card,"1474 Michele Lakes
Peterfurt, MA 21298",271.23
TXN000128,CUST00005,2025-04-16,08:27:56,Net Banking,"18583 Allison Mission
Davidberg, RI 85220",210.64
TXN000129,CUST00008,2025-02-16,16:32:12,Cash,"71648 Alan Bridge
North Jeffrey, FL 02376",1347.76
TXN000130,CUST00007,2025-10-27,00:26:41,Cash,"13483 Tiffany Meadows
Brownborough, DE 92156",1562.5
TXN000131,CUST00071,2025-07-21,03:18:08,Cash,"USNV Little
FPO AP 10822",2866.6
TXN000132,CUST00096,2025-02-24,14:03:34,Debit Card,"2949 Brandt Oval Apt. 260
East Eduardofort, ID 97982",2549.21
TXN000133,CUST00051,2025-05-15,23:54:15,Debit Card,"023 Maxwell Harbors
Johnsonbury, WI 47802",1723.86
TXN000134,CUST00090,2025-12-16,16:50:49,Debit Card,"6102 Eric Burgs Suite 943
Tapiastad, IN 72293",1880.18
TXN000135,CUST00039,2025-11-04,21:37:46,UPI,"067 Jeffery Pass
West James, ID 69344",2008.63
TXN000136,CUST00042,2025-06-19,14:47:56,Net Banking,"24981 Bates Island Apt. 340
Victoriaport, MS 22691",1351.5
TXN000137,CUST00040,2025-10-02,17:20:54,Cash,"9029 Scott Squares
Paulchester, MO 56950",1597.18
TXN000138,CUST00035,2025-03-22,10:57:24,Net Banking,"2066 Mckenzie Ranch
South Jerryfurt, MA 16902",1867.98
TXN000139,CUST00084,2025-03-30,16:17:16,Net Banking,"78665 Adam Streets
Rhondashire, OK 03611",3383.3
TXN000140,CUST00019,2025-03-09,03:02:39,Cash,"47670 Smith Crossroad
Port Adam, WV 03554",376.34
TXN000141,CUST00071,2025-03-07,15:03:50,Debit Card,"286 Wallace Well
Roseton, SC 56075",285.78
TXN000142,CUST00049,2025-11-07,19:46:59,Debit Card,"196 Cook Common Suite 291
North Jamestown, OH 57378",1188.24
TXN000143,CUST00089,2025-03-05,11:58:30,UPI,"USCGC Davis
FPO AE 71618",2248.01
TXN000144,CUST00022,2025-02-21,06:14:22,Credit Card,"6650 Bradley Burgs
Cainmouth, WY 54356",382.98
TXN000145,CUST00046,2025-02-27,23:05:59,UPI,"452 Walker Islands
Williamburgh, AL 38187",3423.42
TXN000146,CUST00086,2025-05-10,13:29:06,Credit Card,"5977 Taylor Motorway
Port Rebecca, NE 89174",847.32
TXN000147,CUST00068,2025-09-15,21:30:49,UPI,"027 Alvarez Junction Apt. 463
Christyport, LA 31420",2410.93
TXN000148,CUST00011,2025-03-08,15:34:22,Net Banking,"PSC 7895, Box 0515
APO AP 79654",2097.2
TXN000149,CUST00041,2025-05-03,03:56:00,Net Banking,"70707 Harvey Lane Apt. 556
South Matthew, MO 43389",1226.21
TXN000150,CUST00056,2025-05-15,02:53:20,UPI,"709 Ronald Alley Apt. 243
West Kelsey, VT 11703",1480.76
TXN000151,CUST00087,2025-08-06,16:46:33,Debit Card,"328 Romero Courts
Garzaland, NE 58195",1505.1
TXN000152,CUST00001,2025-09-29,09:09:35,UPI,"009 Evans Glens
Port Kimberly, DC 70894",1260.34
TXN000153,CUST00022,2025-04-25,05:03:55,Cash,"394 Timothy Rest Suite 601
North Cathy, IA 32886",2379.12
TXN000154,CUST00001,2025-02-10,09:10:06,Net Banking,"70019 Sarah Avenue
Port Daniel, ID 24423",966.8
TXN000155,CUST00073,2025-10-04,17:40:27,UPI,"166 Kristen Circles
North Rachelland, VA 30296",4009.59
TXN000156,CUST00029,2025-01-16,18:43:54,UPI,"55822 Howard Islands
Erinview, MS 04406",1366.91
TXN000157,CUST00025,2025-02-14,07:11:41,Cash,"97996 William Track Apt. 428
Jamesbury, AS 60782",1013.5
TXN000158,CUST00095,2025-11-05,12:53:48,Credit Card,"83556 Kim Shoal
Cooleyberg, AZ 64003",1204.95
TXN000159,CUST00017,2025-11-07,16:14:16,Credit Card,"665 Kelly Pine
Petersentown, TN 95209",1712.86
TXN000160,CUST00060,2025-11-04,09:32:36,Credit Card,"312 Daniel Parkway Apt. 122
New Kimtown, LA 26358",825.2
TXN000161,CUST00067,2025-10-02,20:36:13,Credit Card,"7817 Ashley Junctions
Myersport, NE 89459",306.29
TXN000162,CUST00031,2025-04-22,06:37:44,UPI,"086 Hull Burgs
South Joeside, WY 62460",996.34
TXN000163,CUST00003,2025-12-14,20:56:06,UPI,"709 Julia Circle Suite 126
Alexton, GU 88524",27.16
TXN000164,CUST00074,2025-08-26,14:04:30,Credit Card,"6058 Edwards Rapid
New Davestad, MN 47612",3276.64
TXN000165,CUST00049,2025-09-25,23:09:46,UPI,"7906 Harris Wells Apt. 115
Jamesberg, MH 24870",921.98
TXN000166,CUST00061,2025-02-07,08:22:37,Debit Card,"5248 Davis Ridge
Mooremouth, KS 48284",398.34
TXN000167,CUST00062,2025-03-15,10:31:59,UPI,"3253 Morales Road Apt. 954
Samuelview, NJ 88618",794.59
TXN000168,CUST00079,2025-07-17,01:05:09,Net Banking,"00850 Castro Track Apt. 580
North Chelseaport, WV 73842",534.67
TXN000169,CUST00100,2025-02-06,01:49:56,Debit Card,"50384 Frederick Locks
Mollystad, VT 16270",2169.88
TXN000170,CUST00012,2025-05-15,22:46:33,Cash,"163 Ryan Manors Suite 048
Jenniferfurt, NY 69548",996.27
TXN000171,CUST00054,2025-10-08,08:10:54,Debit Card,"709 Hurley Cliffs
Matthewberg, NJ 66412",2674.33
TXN000172,CUST00064,2025-02-04,10:20:25,Cash,"409 Hicks Station
Jamieville, MD 38137",1421.91
TXN000173,CUST00008,2025-07-13,21:31:57,UPI,"8099 Walls Freeway
North Douglasfurt, MH 42820",1565.18
TXN000174,CUST00004,2025-03-29,08:50:59,UPI,"41570 Ashley River Apt. 150
New Margaretshire, WA 11332",3526.73
TXN000175,CUST00051,2025-03-17,20:39:08,UPI,"48578 Mark Shoals
Port Cheyenne, UT 51204",792.94
TXN000176,CUST00015,2025-03-06,23:57:33,Credit Card,"Unit 6002 Box 9746
DPO AE 15987",1253.7
TXN000177,CUST00014,2025-07-22,14:32:52,Debit Card,"1121 Peter Freeway Suite 721
Thorntontown, UT 90900",430.56
TXN000178,CUST00095,2025-06-03,04:37:46,Cash,"763 Selena Mews Suite 706
Alexanderberg, AS 93323",1483.7
TXN000179,CUST00006,2025-10-31,11:27:16,Debit Card,"0018 Molly Trail
Danielville, GA 93525",3740.31
TXN000180,CUST00030,2025-02-08,01:12:15,UPI,"25473 Diaz Tunnel Apt. 147
Jamesland, HI 07163",1141.3
TXN000181,CUST00049,2025-02-10,01:14:59,Cash,"346 Stephens Courts
North Richard, MS 71538",798.12
TXN000182,CUST00068,2025-05-04,02:07:59,Credit Card,"5313 Harris Creek Apt. 108
New Lauren, HI 92972",2513.63
TXN000183,CUST00022,2025-07-04,22:54:47,Cash,"734 Jensen Bridge Suite 581
Derekchester, MH 30782",1360.28
TXN000184,CUST00059,2025-01-07,16:44:32,Net Banking,"076 Brian Squares Suite 595
Comptonview, WI 44410",330.42
TXN000185,CUST00009,2025-10-02,14:24:24,Credit Card,"USS West
FPO AP 04758",1455.36
TXN000186,CUST00059,2025-06-16,23:56:15,UPI,"983 Carpenter Village
Hillside, GA 00642",1383.04
TXN000187,CUST00028,2025-05-23,03:36:02,Credit Card,"51443 Williams Springs Apt. 267
North Christopher, NJ 10554",2558.42
TXN000188,CUST00020,2025-03-20,00:06:57,Net Banking,"01331 Jerry Harbor
West Louishaven, OK 27595",830.55
TXN000189,CUST00032,2025-02-21,21:38:47,Cash,"79583 Michael Knolls Suite 196
Gonzalezshire, DE 22229",957.54
TXN000190,CUST00048,2025-07-27,20:12:03,Cash,"301 Ryan Gardens Suite 329
Port Jeffery, OH 61139",1123.79
TXN000191,CUST00063,2025-08-26,12:51:58,UPI,"22890 Monica Locks Suite 442
Moorefurt, GA 57832",353.3
TXN000192,CUST00091,2025-06-02,12:48:24,Cash,"946 Perez Pines
Karenbury, MH 32990",1354.52
TXN000193,CUST00083,2025-05-19,19:04:54,Credit Card,"619 Seth Villages Suite 506
East Ethantown, AR 99294",1519.15
TXN000194,CUST00004,2025-02-05,20:28:58,UPI,"96704 Rice Corner Suite 118
Charlesland, AL 81716",686.06
TXN000195,CUST00028,2025-03-18,06:28:14,Credit Card,"575 Morgan Heights
Michaelchester, PA 69863",3984.8
TXN000196,CUST00082,2025-11-29,00:05:48,Net Banking,"USNV Thomas
FPO AP 56687",1449.93
TXN000197,CUST00034,2025-02-07,20:47:39,Cash,"Unit 0550 Box 0010
DPO AP 84200",105.32
TXN000198,CUST00013,2025-08-29,22:00:58,Cash,"08804 Shelly Inlet
West Heather, VT 70558",1002.53
TXN000199,CUST00012,2025-02-23,09:33:35,UPI,"38574 Lester Walks
Carterburgh, FL 95188",477.12
TXN000200,CUST00093,2025-10-09,07:38:44,Debit Card,"73641 Jenny Lake
West Andreaport, WV 54210",384.63
TXN000201,CUST00017,2025-07-31,23:11:40,Credit Card,"Unit 9406 Box 2652
DPO AA 23070",2392.31
TXN000202,CUST00037,2025-06-26,13:16:52,Debit Card,"97761 Mcgrath Green Apt. 745
North Rogerbury, PA 90608",1282.95
TXN000203,CUST00029,2025-11-26,01:22:33,Credit Card,"7334 Anthony Summit Apt. 568
South Patrickshire, ND 94286",2048.31
TXN000204,CUST00059,2025-07-23,14:47:44,Credit Card,"800 Rivera Hollow
South Joseph, CO 71077",409.79
TXN000205,CUST00066,2025-03-22,01:14:35,Cash,"9258 Jessica Skyway Apt. 053
East Megan, AS 74786",2088.46
TXN000206,CUST00058,2025-09-14,21:29:46,Net Banking,"98990 Myers Gardens Apt. 062
North Rachelland, PA 57432",1253.75
TXN000207,CUST00064,2025-12-11,17:00:40,Net Banking,"9431 Watson Meadows
Andradetown, MP 90437",2266.03
TXN000208,CUST00019,2025-04-14,10:40:44,Cash,"4749 Roger Village
Brianborough, MS 30556",835.8
TXN000209,CUST00088,2025-01-01,05:54:30,Debit Card,"PSC 1476, Box 1886
APO AA 23761",1233.76
TXN000210,CUST00097,2025-04-08,21:20:13,Debit Card,"45769 Christina Crest Apt. 753
Curtishaven, DE 68005",1456.34
TXN000211,CUST00051,2025-08-17,17:10:27,UPI,"167 Richard Stravenue
Eileenmouth, AL 54627",2048.77
TXN000212,CUST00011,2025-05-19,08:08:28,UPI,"533 Fields Avenue Suite 048
New Kimberlyfort, WV 83431",2275.84
TXN000213,CUST00073,2025-05-11,01:51:26,Net Banking,"02758 Scott Crossroad
East Michael, MS 68236",1711.24
TXN000214,CUST00007,2025-10-23,21:37:05,Debit Card,"320 Michelle Fords Suite 673
South Kathleenview, KY 07915",1185.01
TXN000215,CUST00008,2025-03-24,23:24:43,Debit Card,"429 Austin Curve Suite 000
North Jerry, NJ 71656",2030.67
TXN000216,CUST00047,2025-10-05,21:07:48,Debit Card,"6439 Julie Drive
Suemouth, MO 07379",935.01
TXN000217,CUST00002,2025-02-04,13:58:59,Net Banking,"0115 Walker Plain Apt. 652
North Brittany, MI 64595",2817.28
TXN000218,CUST00058,2025-05-05,03:43:56,Debit Card,"48924 Anna Burgs Suite 163
Philipchester, CO 30376",255.32
TXN000219,CUST00097,2025-11-26,18:50:51,UPI,"21654 Martin Estate Apt. 225
Robbinsfurt, SD 72663",2768.77
TXN000220,CUST00010,2025-05-13,18:23:57,Debit Card,"75125 Escobar Rue Suite 453
East Catherineport, HI 62627",1930.62
TXN000221,CUST00085,2025-06-09,02:39:28,Credit Card,"17467 Johns Bypass
Port Kevinchester, AR 13444",3250.12
TXN000222,CUST00004,2025-04-03,07:03:28,Credit Card,"51363 Rick Tunnel Apt. 232
East Patrickbury, SC 95582",3582.54
TXN000223,CUST00083,2025-12-20,21:10:35,Net Banking,"2867 Marc Mission
Smithview, MS 46993",73.92
TXN000224,CUST00088,2025-10-19,03:30:48,Net Banking,"224 Robert Stream Apt. 093
Port Kevinshire, VT 66120",2411.22
TXN000225,CUST00091,2025-02-13,01:36:25,Net Banking,"40717 Gardner Flat Apt. 510
Scottview, MH 35842",455.44
TXN000226,CUST00066,2025-05-29,07:57:30,UPI,"8290 Bradley Expressway
East Christinaburgh, AL 26452",2265.84
TXN000227,CUST00017,2025-03-08,22:42:39,UPI,"6811 Gregory Wall
North Cassandraburgh, RI 50495",596.82
TXN000228,CUST00057,2025-06-10,02:08:59,Credit Card,"054 Campbell Shores
Jameston, DE 38586",922.44
TXN000229,CUST00028,2025-08-05,04:27:14,Cash,"27735 Michele Rue
West Brianhaven, VI 68059",2000.38
TXN000230,CUST00006,2025-12-10,03:37:04,UPI,"3017 Kathy Locks Suite 726
Leechester, KY 87920",428.29
TXN000231,CUST00084,2025-05-18,17:33:31,Cash,"04170 Timothy Mission Suite 564
West Donnafort, MN 87895",2737.69
TXN000232,CUST00046,2025-06-11,09:26:25,Net Banking,"07541 Michael Center
South Ralph, GU 67535",399.68
TXN000233,CUST00088,2025-08-22,07:03:08,Credit Card,"83574 Jacobson Trail Suite 266
East Evan, AZ 30859",2697.71
TXN000234,CUST00066,2025-09-10,12:52:21,Net Banking,"10049 Park Crossing Apt. 577
New Dan, IN 52102",1187.08
TXN000235,CUST00065,2025-02-08,02:16:48,Net Banking,"1599 Harris Camp
East Marcus, TX 57540",3272.7
TXN000236,CUST00039,2025-09-19,09:31:13,Cash,"71611 Tina Via Suite 438
Brownchester, IA 02984",834.15
TXN000237,CUST00091,2025-07-13,14:38:38,Cash,"0092 Adrian Rapid Suite 474
Robinsonborough, MI 74957",90.41
TXN000238,CUST00010,2025-04-26,15:11:40,Credit Card,"34804 Pamela Ridge
New Caseyborough, DC 46245",1618.85
TXN000239,CUST00020,2025-04-19,10:54:45,Credit Card,"85311 Wendy Passage Apt. 518
New Josephton, OR 25358",1814.49
TXN000240,CUST00034,2025-11-29,06:25:48,Debit Card,"974 Andrew Streets Suite 358
North Thomasberg, NY 60255",212.88
TXN000241,CUST00017,2025-04-24,14:08:15,Cash,"777 Klein Glen Suite 434
Scottport, ND 22002",1816.09
TXN000242,CUST00054,2025-03-04,07:56:15,Credit Card,"282 Kara Shoals Apt. 131
Marieberg, RI 39349",1442.3
TXN000243,CUST00030,2025-05-03,07:45:21,UPI,"211 Tami Rapids Suite 859
Lake Douglasfort, ID 67519",564.51
TXN000244,CUST00036,2025-01-03,04:08:39,Credit Card,"USNV Gray
FPO AE 99669",2279.26
TXN000245,CUST00037,2025-06-12,15:04:20,Debit Card,"120 Kyle Cliff Apt. 959
South Kaitlin, AL 46353",1678.36
TXN000246,CUST00038,2025-09-06,03:02:22,Credit Card,"960 Edwards Locks
Frenchburgh, OK 36688",1056.1
TXN000247,CUST00010,2025-05-20,19:55:49,Net Banking,"445 Victoria Tunnel Suite 401
North Ericaton, MP 98274",3620.18
TXN000248,CUST00082,2025-04-06,14:46:44,Net Banking,"801 Thomas Turnpike
New Bryan, VI 78228",910.88
TXN000249,CUST00076,2025-08-18,17:01:18,Credit Card,"289 Peterson Shore Suite 709
Patrickside, LA 86004",674.49
TXN000250,CUST00010,2025-12-20,00:44:58,Cash,"144 Bryan Walks Apt. 717
South Jeremy, MO 04188",1282.95
TXN000251,CUST00065,2025-04-28,05:36:35,Cash,"PSC 8959, Box 5936
APO AE 04604",1121.52
TXN000252,CUST00012,2025-08-07,16:01:31,Net Banking,"429 Burgess Crest Suite 677
South Angela, AL 60692",1201.84
TXN000253,CUST00016,2025-08-24,05:35:05,Net Banking,"USNS Williams
FPO AA 85944",1342.77
TXN000254,CUST00020,2025-02-24,11:17:39,Credit Card,"32801 Sheryl Ville Apt. 584
Port Kevin, MA 53897",159.66
TXN000255,CUST00035,2025-04-27,08:04:24,Cash,"55826 Sabrina Overpass
Richardtown, AR 78979",452.37
TXN000256,CUST00040,2025-12-03,23:36:05,UPI,"0293 Phillips Parkway Suite 603
Armstrongborough, AZ 29769",521.18
TXN000257,CUST00059,2025-06-29,17:51:15,UPI,"65219 Kathleen Square Apt. 654
West Amy, AZ 91791",2791.98
TXN000258,CUST00010,2025-02-12,20:16:00,Net Banking,"USNV Marshall
FPO AE 22034",1231.86
TXN000259,CUST00076,2025-09-18,13:31:10,Debit Card,"270 James Stravenue
Rebeccachester, OK 41497",1282.95
TXN000260,CUST00034,2025-05-11,23:44:37,Net Banking,"3808 Ruiz Falls Suite 152
Port Heatherton, CO 66240",500.39
TXN000261,CUST00030,2025-10-15,20:46:56,Cash,"4109 Smith Lock Apt. 340
West Kim, ND 36337",384.08
TXN000262,CUST00030,2025-05-20,09:17:49,Debit Card,"23492 Costa Terrace
North Justin, AK 18549",3712.92
TXN000263,CUST00060,2025-03-29,23:47:04,Credit Card,"26532 Merritt Lodge Apt. 902
West Raymond, MS 72212",1003.05
TXN000264,CUST00052,2025-07-27,00:53:40,Cash,"75059 Hopkins Shoals Apt. 619
East Sandrastad, VA 24700",2339.98
TXN000265,CUST00093,2025-02-16,05:00:45,UPI,"9763 Kelly Estate Apt. 130
North Cheryl, MD 94592",2515.54
TXN000266,CUST00070,2025-05-21,02:02:48,Debit Card,"63003 Douglas Court
Codyville, NV 48400",1414.37
TXN000267,CUST00090,2025-03-30,04:20:29,Cash,"8032 Schmitt Heights Apt. 887
Huntburgh, SD 94407",3186.47
TXN000268,CUST00047,2025-10-11,14:11:50,Credit Card,"5158 Lee Points
South Gabrielle, NM 03681",240.16
TXN000269,CUST00057,2025-09-18,10:43:25,Net Banking,"39201 Daniel Trail
Fordville, AK 57821",2190.59
TXN000270,CUST00081,2025-07-04,07:06:57,Cash,"Unit 9318 Box 7515
DPO AP 83747",4557.31
TXN000271,CUST00069,2025-04-25,19:08:24,Cash,"08163 Sarah Corners
Port Randall, PR 75232",1035.89
TXN000272,CUST00013,2025-04-21,23:04:37,Net Banking,"99595 Gonzalez Streets
New Jonathan, PW 88130",1204.2
TXN000273,CUST00080,2025-01-30,16:55:33,Net Banking,"87441 Williams Prairie
Brownfurt, PW 60692",1625.77
TXN000274,CUST00046,2025-05-31,10:48:36,Net Banking,"93185 Sparks Summit Suite 322
Lake Nancy, UT 53129",610.86
TXN000275,CUST00034,2025-02-11,19:11:20,Net Banking,"05743 Jason Rue
Bellview, NJ 50673",974.3
TXN000276,CUST00021,2025-01-18,02:09:31,Net Banking,"5321 Johnson Key Apt. 705
New Jenniferland, WA 85334",2981.19
TXN000277,CUST00041,2025-05-02,16:51:15,Credit Card,"863 Carroll Hollow Apt. 222
North Russell, NJ 50092",159.66
TXN000278,CUST00019,2025-10-20,10:09:56,Net Banking,"PSC 5298, Box 0648
APO AA 64129",1706.92
TXN000279,CUST00003,2025-01-17,22:59:21,Debit Card,"9752 Stokes Lane Suite 861
Jacobfort, TX 31577",1458.99
TXN000280,CUST00068,2025-05-13,13:54:39,Cash,"0928 Sydney Walk Apt. 637
Jonesbury, ME 25396",905.7
TXN000281,CUST00065,2025-09-05,03:03:02,Credit Card,"5020 Christina Villages
New Michelle, OK 85442",1233.55
TXN000282,CUST00024,2025-07-24,09:02:09,Credit Card,"77097 Gary Streets
Reyesfurt, IA 11887",3382.75
TXN000283,CUST00055,2025-06-08,13:59:51,Cash,"USNS Meyer
FPO AE 42570",2443.88
TXN000284,CUST00099,2025-08-09,14:06:20,Cash,"6260 Schmidt Cliffs Suite 467
East Sydneyside, PW 55985",417.9
TXN000285,CUST00032,2025-07-06,12:37:57,Debit Card,"772 Miguel Mill Suite 847
West Karen, DE 62046",1681.06
TXN000286,CUST00014,2025-03-06,07:01:48,Net Banking,"PSC 0709, Box 8535
APO AE 21728",3159.23
TXN000287,CUST00013,2025-04-07,00:54:24,Debit Card,"08525 Michael Ranch
Port Martin, VT 08170",1923.01
TXN000288,CUST00015,2025-08-23,06:34:57,UPI,"0624 Palmer Square Apt. 426
Stephenstad, IL 43146",3782.78
TXN000289,CUST00038,2025-12-23,07:21:14,Credit Card,"53193 Sullivan Parkways Suite 195
Wesleyburgh, IL 06415",1444.52
TXN000290,CUST00039,2025-08-17,06:34:18,Credit Card,"690 Leslie Squares Apt. 654
Sherristad, MD 26331",2099.45
TXN000291,CUST00074,2025-02-12,07:04:52,Cash,"8381 John River Apt. 321
Port Samuel, MP 07496",110.88
TXN000292,CUST00094,2025-05-22,09:14:59,UPI,"2349 Linda Circle Suite 364
Port Mirandaview, MS 66718",134.84
TXN000293,CUST00046,2025-08-20,06:29:18,Cash,"183 Holly Hill Apt. 271
Port Richard, MA 84324",1547.95
TXN000294,CUST00081,2025-07-29,08:36:53,Debit Card,"3342 Mack Park
Bradleyland, SD 98198",2672.48
TXN000295,CUST00078,2025-05-05,12:39:51,Debit Card,"228 Jared Street
Port Megan, DC 19810",3795.94
TXN000296,CUST00009,2025-04-03,16:27:24,Net Banking,"7927 Brian Wells
Smithbury, FM 63167",612.17
TXN000297,CUST00027,2025-09-24,13:23:09,UPI,"686 Smith Lakes
Port Jacob, VT 53167",981.44
TXN000298,CUST00054,2025-07-10,00:03:48,UPI,"301 Murphy Roads
South Jenniferstad, SD 21278",1716.94
TXN000299,CUST00032,2025-11-08,01:19:38,Cash,"259 Tiffany Flats Apt. 809
New Ashley, AZ 65875",319.32
TXN000300,CUST00075,2025-09-17,19:57:08,UPI,"1828 Williams Track Suite 664
Evanberg, VA 10880",2369.03
